/NM5/D_X,/NM5/D_Y
0,-2.384879050134714e-28
3.90625e-15,1.506654349934766e-05
4.39453125e-15,1.715531355989437e-05
4.987965607704582e-15,1.986726824376551e-05
5.573429807742952e-15,2.274811076368573e-05
6.06552006859531e-15,2.53089228719287e-05
6.640919466086846e-15,2.842564787282938e-05
7.266733361864821e-15,3.191049536339611e-05
7.909336864494037e-15,3.552892196773063e-05
8.574865164542739e-15,3.925009200537192e-05
9.268398117780249e-15,4.302540695586454e-05
9.995581615962492e-15,4.679376165577216e-05
1.076467969727058e-14,5.048640840111492e-05
1.158555752689637e-14,5.401253336579543e-05
1.247255029744735e-14,5.725879547729363e-05
1.344978271407967e-14,6.008114536070208e-05
1.456566385927194e-14,6.227821590633654e-05
1.590516518560185e-14,6.346611410234746e-05
1.744332481064635e-14,6.301240880202325e-05
1.89007701976884e-14,6.103663197195811e-05
2.007588837408413e-14,5.856012745862489e-05
2.113365779787178e-14,5.583866646834959e-05
2.212915740531451e-14,5.300783535032387e-05
2.309126073816469e-14,5.016082228937128e-05
2.405155402398228e-14,4.733615324232709e-05
2.502779870790907e-14,4.459958561746489e-05
2.603530839775706e-14,4.202825758161381e-05
2.709248728048819e-14,3.970803123430039e-05
2.822571257599297e-14,3.774065300822658e-05
2.948270261195461e-14,3.625831230525112e-05
3.097900415746407e-14,3.548168237174286e-05
3.313447051776992e-14,3.608392572434446e-05
3.494786209286375e-14,3.787801457437196e-05
3.634622122813755e-14,3.984587863128644e-05
3.762412962452697e-14,4.190497877358277e-05
3.882519799427147e-14,4.391762179963431e-05
4.000148720757205e-14,4.583424945840077e-05
4.120243762198051e-14,4.76223096599648e-05
4.245955816877571e-14,4.921077850539149e-05
4.381436984764727e-14,5.051259665892497e-05
4.534039878377499e-14,5.14080946675328e-05
4.723843410916448e-14,5.167822689124943e-05
4.906696749898454e-14,5.115124728681665e-05
5.105483278857835e-14,4.991748425448299e-05
5.271323001550333e-14,4.855324144240215e-05
5.421967110090902e-14,4.721061016627299e-05
5.568841047620304e-14,4.594278993611427e-05
5.716218395160913e-14,4.482439283124183e-05
5.87127456581945e-14,4.390765224795953e-05
6.042532382144097e-14,4.327463542745786e-05
6.247987231183531e-14,4.306328839192607e-05
6.483818722684407e-14,4.346594932633216e-05
6.736742886736233e-14,4.442742748171632e-05
6.938109929664708e-14,4.539230747083109e-05
7.123080585940927e-14,4.627847221723152e-05
7.305883787893256e-14,4.703109022814785e-05
7.494702590774097e-14,4.75882901526584e-05
7.705968056611244e-14,4.78889273733188e-05
7.975939688871671e-14,4.77953096099512e-05
8.204045031469909e-14,4.738371083322837e-05
8.470113177602663e-14,4.669674901019214e-05
8.70667436318431e-14,4.605483165447217e-05
8.931866335404785e-14,4.553850774374159e-05
9.168057519242216e-14,4.518429148217745e-05
9.436102481293953e-14,4.505382285196654e-05
9.823727618196587e-14,4.527042076179454e-05
1.020497847759625e-13,4.57043370325494e-05
1.050356112416463e-13,4.603074456056738e-05
1.079560285726439e-13,4.622269501259657e-05
1.111021955099918e-13,4.62330596979091e-05
1.152280790742165e-13,4.598935973428283e-05
1.205027656098743e-13,4.552041883914723e-05
1.243457621906379e-13,4.521957489443378e-05
1.281720976770119e-13,4.504191969485924e-05
1.3272041218732e-13,4.498716381984921e-05
1.376238630037453e-13,4.501205187903684e-05
1.426981128090647e-13,4.49989068977892e-05
1.476944944528837e-13,4.488125710491304e-05
1.539641739560217e-13,4.461825377337184e-05
1.635639644032005e-13,4.420361389881704e-05
1.70634480008233e-13,4.396856849752423e-05
1.791954820862144e-13,4.374457196636283e-05
1.953015623153342e-13,4.328848582635618e-05
2.071675024082653e-13,4.292723307931587e-05
2.242197338422009e-13,4.24412375643399e-05
2.426126977181991e-13,4.197997782636176e-05
2.613381624029819e-13,4.157068225032879e-05
2.810141411415656e-13,4.1178530827991e-05
3.015048155959944e-13,4.07559239159067e-05
3.229153588787372e-13,4.027026033777429e-05
3.454352814364178e-13,3.973285024104896e-05
3.69286419454851e-13,3.916636458890208e-05
3.94872685801516e-13,3.857939736098958e-05
4.229342642758092e-13,3.796602324369453e-05
4.551172385446712e-13,3.729361978466894e-05
4.974926309604666e-13,3.638303134139984e-05
5.282284512712534e-13,3.545053078858643e-05
5.414935043461073e-13,3.475049729493264e-05
5.460766114030064e-13,3.505653973244285e-05
5.503006452028598e-13,3.580675135264872e-05
5.545790769013007e-13,3.670011456961839e-05
5.577592852952347e-13,3.723043059841753e-05
5.606156579622059e-13,3.749385417453561e-05
5.637798377470451e-13,3.752140530014658e-05
5.689482722978918e-13,3.720866555952047e-05
5.727351125336919e-13,3.690587958208175e-05
5.760484650681155e-13,3.671931287241604e-05
5.796133990516328e-13,3.666452495176383e-05
5.841250486174699e-13,3.676691063193662e-05
5.901942746188273e-13,3.69549699999777e-05
5.946744814183729e-13,3.700425025340458e-05
5.993770860527078e-13,3.692610697100775e-05
6.061129166998869e-13,3.669223244827251e-05
6.127053944380796e-13,3.648085124608049e-05
6.18723136564445e-13,3.636416010092622e-05
6.266548717309949e-13,3.62733254042026e-05
6.371831020226723e-13,3.611676866804632e-05
6.464890789212393e-13,3.592363443846396e-05
6.63689578360854e-13,3.557134725710816e-05
6.787406887455065e-13,3.530790036932755e-05
7.004935221408778e-13,3.495697325528377e-05
7.243009155699967e-13,3.460064174553071e-05
7.478612337311256e-13,3.428850591200505e-05
7.718474498545231e-13,3.400650205362282e-05
7.963152537246174e-13,3.374562569896148e-05
8.21644965821837e-13,3.349735425855098e-05
8.484849770556471e-13,3.325255079646117e-05
8.777954601839914e-13,3.300030873844098e-05
9.117204067901733e-13,3.272131384565015e-05
9.59340197159739e-13,3.234331781566326e-05
1e-12,3.202936080586759e-05
1.00100311281312e-12,3.038473409560903e-05
1.002340074675699e-12,2.665027269007523e-05
1.003670905261841e-12,2.119750116941522e-05
1.004251946417315e-12,1.835017353908985e-05
1.005107170676215e-12,1.382159435051912e-05
1.005897777598359e-12,9.431438962963482e-06
1.006630710994575e-12,5.319687494437605e-06
1.007378645578237e-12,1.21078417274018e-06
1.008133745504313e-12,-2.729429649628226e-06
1.008909531568514e-12,-6.447956732543668e-06
1.009720640095489e-12,-9.873318955823794e-06
1.010581338199864e-12,-1.289484861782156e-05
1.011517460470567e-12,-1.538160802944606e-05
1.012581180794304e-12,-1.713895481923805e-05
1.01393198892855e-12,-1.774939403024437e-05
1.014906740361224e-12,-1.712638215755495e-05
1.016210603079828e-12,-1.510021682808313e-05
1.01731208399063e-12,-1.25258459417674e-05
1.01827339505798e-12,-9.805519075396415e-06
1.01919668345655e-12,-6.934184530229156e-06
1.020087244187305e-12,-4.062965948092019e-06
1.020971939922785e-12,-1.238438953033103e-06
1.021870831264075e-12,1.484811890458156e-06
1.022797505147167e-12,4.027243874213118e-06
1.023769666605551e-12,6.303844483500745e-06
1.024812657287114e-12,8.212188890269706e-06
1.025972300755901e-12,9.615735480058858e-06
1.027362977359193e-12,1.027871043922776e-05
1.0288740693948e-12,9.821943588242565e-06
1.030560822796107e-12,8.119216232477263e-06
1.031866829076452e-12,6.152439619766472e-06
1.033023859472957e-12,4.117952834979965e-06
1.03412596745099e-12,2.079052298010671e-06
1.03519538285491e-12,1.370220516098176e-07
1.036278149996308e-12,-1.676636097195082e-06
1.037405015826633e-12,-3.297229926578214e-06
1.038609121850566e-12,-4.63813812576089e-06
1.039947606761333e-12,-5.586351028996142e-06
1.04155812194264e-12,-5.949609528806154e-06
1.043269411123627e-12,-5.486039443313207e-06
1.045210694416743e-12,-4.142883426865645e-06
1.046738011528332e-12,-2.681194461428696e-06
1.04810568815287e-12,-1.240041193223251e-06
1.049427917160119e-12,1.291275887611337e-07
1.050737675995091e-12,1.344595120468863e-06
1.052102830205858e-12,2.363713436179171e-06
1.053589997936782e-12,3.10882212238512e-06
1.055320899154714e-12,3.456447239419418e-06
1.057780571775884e-12,3.087833615399604e-06
1.060253505972101e-12,1.992708220639454e-06
1.062069505555064e-12,9.378299296787897e-07
1.063729273477351e-12,-4.267590081148252e-08
1.06534463939135e-12,-8.819377074219849e-07
1.066989308275928e-12,-1.522750801078487e-06
1.068803100883419e-12,-1.913189630859745e-06
1.071024793008469e-12,-1.931703510834278e-06
1.073108111355253e-12,-1.561740867917933e-06
1.075624583481579e-12,-8.136985234291521e-07
1.077739914232645e-12,-1.01701343022079e-07
1.079707695455408e-12,4.926449259016179e-07
1.081721710788804e-12,9.299848790076602e-07
1.083907578803814e-12,1.146849521790403e-06
1.086652143236163e-12,1.051617437812772e-06
1.08902095243626e-12,7.212917579571185e-07
1.091825556408233e-12,2.043408873400654e-07
1.09433616866965e-12,-2.302095927598566e-07
1.096783049852645e-12,-5.226578610528511e-07
1.099460547243799e-12,-6.347688833871659e-07
1.102879319412053e-12,-4.951421867129206e-07
1.106080578945814e-12,-1.965722949132328e-07
1.109340998317231e-12,1.201714757196019e-07
1.11243657033506e-12,3.213188064727757e-07
1.115732308611545e-12,3.725887537340946e-07
1.120061226006014e-12,2.358675839303067e-07
1.125611299288362e-12,-2.536990449859776e-08
1.129729412888226e-12,-1.492618874399494e-07
1.134003805636097e-12,-1.556396340016304e-07
1.139726182962673e-12,-3.978722951829024e-08
1.146310615305972e-12,8.546885604853335e-08
1.15184909650787e-12,1.073586473251812e-07
1.158619697275936e-12,5.268838655293047e-08
1.170556242663032e-12,-1.73728895536668e-08
1.179061363858142e-12,-5.315718612351488e-09
1.191798178790604e-12,2.995347700420211e-08
1.206153004343537e-12,3.253726968003848e-08
1.223432527695081e-12,2.070171526155489e-08
1.248348998891538e-12,1.960287553957184e-08
1.28080542392414e-12,2.086774180767167e-08
1.324575058723344e-12,1.681740638950062e-08
1.360989071898057e-12,1.244746901906773e-08
1.393101523068266e-12,8.256385206395898e-09
1.423235589564927e-12,3.936376955149747e-09
1.451631710392723e-12,-2.842920340085957e-10
1.479268109762236e-12,-4.342630043407181e-09
1.506751451273872e-12,-8.188833544762316e-09
1.534465010539966e-12,-1.173977821114941e-08
1.562814344519469e-12,-1.489863537856863e-08
1.592252771479362e-12,-1.754854458902605e-08
1.623423421449121e-12,-1.954373263588887e-08
1.657449948459873e-12,-2.06785921570524e-08
1.69689685220332e-12,-2.058211508489575e-08
1.75310996436558e-12,-1.796759693745528e-08
1.804387959493544e-12,-1.341892203650355e-08
1.841298758481977e-12,-9.145581656949736e-09
1.873934108946076e-12,-4.904769621911199e-09
1.903997247394787e-12,-8.078113981872382e-10
1.932460851200473e-12,3.074316310150688e-09
1.960586514628844e-12,6.762576035482635e-09
1.98888613742153e-12,1.018448815060662e-08
2.01777582637994e-12,1.324583129745161e-08
2.047730265669274e-12,1.583515297182798e-08
2.079372759475941e-12,1.781134345422444e-08
2.113781083630203e-12,1.898160912459018e-08
2.153350167086855e-12,1.901200134991806e-08
2.207619668509139e-12,1.686527784682915e-08
2.245791011804092e-12,1.399170099444185e-08
2.285212499425426e-12,1.007797003366767e-08
2.320149336848018e-12,6.029795858049884e-09
2.351332091608459e-12,2.147536180178037e-09
2.381196604192811e-12,-1.635906666764847e-09
2.410298319652695e-12,-5.228057611073818e-09
2.439287502832993e-12,-8.568836706777018e-09
2.468730896915379e-12,-1.158363939761328e-08
2.499093909198044e-12,-1.416670306032037e-08
2.530996313241745e-12,-1.61901195329835e-08
2.565427883724794e-12,-1.748159604738339e-08
2.604424567109899e-12,-1.775996795918368e-08
2.654754470258807e-12,-1.629936518838978e-08
2.691871829657063e-12,-1.401315088990808e-08
2.735013095249206e-12,-1.030138779501307e-08
2.772014257200647e-12,-6.44455750986099e-09
2.804565199073554e-12,-2.734964646902819e-09
2.835623356502487e-12,9.019588868409872e-10
2.865607630915223e-12,4.344077514761291e-09
2.89534556363472e-12,7.544548696861185e-09
2.925485353979624e-12,1.043478067382313e-08
2.956519195335957e-12,1.291182742376053e-08
2.989100824747135e-12,1.48521421172855e-08
3.024248735521695e-12,1.608857230130714e-08
3.064046719824453e-12,1.634967172979879e-08
3.11541922051874e-12,1.493823761778307e-08
3.153381680166077e-12,1.273471065940405e-08
3.197402159604295e-12,9.179491197386703e-09
3.235190148351622e-12,5.499927908323671e-09
3.268478725321686e-12,1.974608860121659e-09
3.300278779362484e-12,-1.463720580042917e-09
3.331034516543711e-12,-4.696789642273548e-09
3.36160898914153e-12,-7.676043448172834e-09
3.392692139986119e-12,-1.033034076817029e-08
3.424837623523697e-12,-1.255399482214572e-08
3.45881303970833e-12,-1.421687185790281e-08
3.495894957085438e-12,-1.513511851416327e-08
3.538994936128455e-12,-1.497998288914817e-08
3.601628403926515e-12,-1.257818187736539e-08
3.65591773424159e-12,-8.775232696753722e-09
3.695767712507908e-12,-5.238360738665439e-09
3.731381037581994e-12,-1.772279453012214e-09
3.764283470283148e-12,1.498788956737668e-09
3.795740728127414e-12,4.528610415288895e-09
3.827126678244073e-12,7.31218627132455e-09
3.859084287958837e-12,9.767986731093662e-09
3.892260142510544e-12,1.179162296315432e-08
3.927523386762031e-12,1.324771384854568e-08
3.966371821233943e-12,1.393886535817406e-08
4.012585147404503e-12,1.348591032843492e-08
4.058116712520246e-12,1.176449482474636e-08
4.112512056403937e-12,8.34178159681702e-09
4.154152622197332e-12,4.974123494553017e-09
4.190242149809091e-12,1.746570658807406e-09
4.224309078954358e-12,-1.375407726320143e-09
4.256805434163358e-12,-4.261102405853611e-09
4.289086479351831e-12,-6.893681437618314e-09
4.321965925266959e-12,-9.20248335202221e-09
4.356110111003653e-12,-1.10812159265677e-08
4.392487748186404e-12,-1.239550147952187e-08
4.43279845311859e-12,-1.294384230793552e-08
4.481550930784298e-12,-1.231623205232972e-08
4.52054771463119e-12,-1.085581427296682e-08
4.574569352243179e-12,-7.684376075858952e-09
4.61732673036447e-12,-4.477015958806863e-09
4.653996951318334e-12,-1.443337100855113e-09
4.688970579174779e-12,1.507474671159101e-09
4.72241247913942e-12,4.221976804909294e-09
4.75564336950592e-12,6.672240427039429e-09
4.789584374164045e-12,8.789519148794491e-09
4.824972189042995e-12,1.046434459840042e-08
4.86294473775413e-12,1.155594855128962e-08
4.905647484856808e-12,1.184162083515168e-08
4.959697489524862e-12,1.079632523286949e-08
4.999015175571453e-12,9.131431287718961e-09
5.048653210464639e-12,6.17370790616989e-09
5.090728284455737e-12,3.147851776791984e-09
5.127576110122901e-12,3.023516631997785e-10
5.16296044826642e-12,-2.425820829586943e-09
5.197273938460641e-12,-4.913321077080536e-09
5.231645470648687e-12,-7.110248712089887e-09
5.267037597508287e-12,-8.938374082791716e-09
5.304371488640856e-12,-1.027889226825281e-08
5.34520414583603e-12,-1.096610461448751e-08
5.393111437057832e-12,-1.069645482309133e-08
5.467425930673919e-12,-8.230375960778934e-09
5.523093991492698e-12,-5.104038167918926e-09
5.565609104946799e-12,-2.239652115609838e-09
5.604536625057517e-12,5.24830210802248e-10
5.640569891919826e-12,3.0288543182065e-09
5.675655859650499e-12,5.266438189599208e-09
5.711254526362193e-12,7.200702390778077e-09
5.748251123017233e-12,8.733310783233814e-09
5.787891640809412e-12,9.734133676291314e-09
5.83242770448752e-12,9.997434632063241e-09
5.88867846380607e-12,9.048941000121847e-09
5.929602074983981e-12,7.541269871952639e-09
5.981742209878379e-12,4.853751345129075e-09
6.025931238841609e-12,2.131021696594197e-09
6.064698408059154e-12,-4.005176339248345e-10
6.102049223311114e-12,-2.792344497742126e-09
6.138425794084934e-12,-4.926679936745236e-09
6.175105801395033e-12,-6.749883294892884e-09
6.21325223446799e-12,-8.176706570765454e-09
6.25415540804194e-12,-9.075581619581152e-09
6.300351931959245e-12,-9.240186797848427e-09
6.35999280229172e-12,-8.159208428696592e-09
6.40482946839661e-12,-6.495982549637022e-09
6.45607675598031e-12,-3.932567245111065e-09
6.500358751300933e-12,-1.370226430572067e-09
6.539817836268882e-12,9.958331596749024e-10
6.577932620651942e-12,3.18796551066486e-09
6.615418665012273e-12,5.108925767539918e-09
6.653561625783491e-12,6.695642079138854e-09
6.693659979178922e-12,7.851832256634779e-09
6.737440836644108e-12,8.427609440370943e-09
6.788895334325327e-12,8.151945434239016e-09
6.870327178101399e-12,5.889687493467787e-09
6.929202966004644e-12,3.208269044536779e-09
6.974660089902342e-12,7.937213117527846e-10
7.016665967334609e-12,-1.489539514665998e-09
7.055755549088504e-12,-3.49046234521364e-09
7.094263988087771e-12,-5.202630629091908e-09
7.133908892091457e-12,-6.572968232900732e-09
7.17602531187065e-12,-7.488593238722261e-09
7.22298091822342e-12,-7.77950877374805e-09
7.281191408210255e-12,-7.077265148621691e-09
7.32317929480728e-12,-5.903534681038285e-09
7.381446186508301e-12,-3.580599481442148e-09
7.429902517280023e-12,-1.263934813477506e-09
7.472115676040548e-12,8.461220020219791e-10
7.512990920416515e-12,2.798760454732311e-09
7.552911726040864e-12,4.473744128264692e-09
7.593539052201574e-12,5.816199132655883e-09
7.636505860185514e-12,6.731333721513153e-09
7.684040809404285e-12,7.061838617250502e-09
7.74209127940944e-12,6.488004824721436e-09
7.78706070606729e-12,5.368142473786947e-09
7.848418142069062e-12,3.132147094914327e-09
7.898430143072652e-12,9.389461611526539e-10
7.942006844409174e-12,-1.048326857407734e-09
7.984156864235941e-12,-2.866229373109139e-09
8.025348529908303e-12,-4.399423721493016e-09
8.067446990952593e-12,-5.594032363890414e-09
8.112288182058098e-12,-6.350445318909247e-09
8.162629120019451e-12,-6.498288292874003e-09
8.227040474358373e-12,-5.638929832265107e-09
8.275921842571053e-12,-4.303300729939648e-09
8.333032009781563e-12,-2.224529116488607e-09
8.382309824133788e-12,-1.994413650135613e-10
8.426433060730379e-12,1.612388854949686e-09
8.469427302751351e-12,3.216237867946886e-09
8.512236524586535e-12,4.519148234722494e-09
8.556709406431311e-12,5.448064291990487e-09
8.605175544620229e-12,5.881012576099372e-09
8.662381378688957e-12,5.583610957731956e-09
8.723615572687073e-12,4.38936204802188e-09
8.791980872375015e-12,2.27917783461133e-09
8.844684562726705e-12,3.384873057586253e-10
8.8914186273026e-12,-1.40852135029614e-09
8.936219763886877e-12,-2.937378090345015e-09
8.980262290311911e-12,-4.163320135475817e-09
9.025971480855967e-12,-5.030936653813847e-09
9.075806831933756e-12,-5.421518084058751e-09
9.134856166838216e-12,-5.106612259363475e-09
9.194968409027468e-12,-4.006256862653935e-09
9.264675666753831e-12,-2.028021144555168e-09
9.318912362621789e-12,-2.087755075274687e-10
9.366964993458562e-12,1.408991762410045e-09
9.413269904768478e-12,2.806922342143875e-09
9.458990375451933e-12,3.897614988248832e-09
9.506756471938259e-12,4.620488391945558e-09
9.55953875875283e-12,4.848051469027642e-09
9.624464673678333e-12,4.307150558880058e-09
9.673773458017517e-12,3.35862764895414e-09
9.740141013374794e-12,1.581380985154097e-09
9.795379550937539e-12,-1.131557183822478e-10
9.844158950700876e-12,-1.587343942225825e-09
9.891942136613075e-12,-2.851369560106252e-09
9.939597021159797e-12,-3.804728060055968e-09
9.989796374004833e-12,-4.374574814053847e-09
1.00463279162563e-11,-4.420132260258346e-09
1.012041424292216e-11,-3.580237574646777e-09
1.017759069644184e-11,-2.36492549401773e-09
1.023886184366937e-11,-7.386926414666806e-10
1.029303596538293e-11,7.727806362732106e-10
1.034268610590618e-11,2.048717741668901e-09
1.039191608782598e-11,3.067453360749064e-09
1.044252417107561e-11,3.744776241029659e-09
1.049777873620206e-11,3.976184752670252e-09
1.056488148690427e-11,3.537263544879299e-09
1.061907072030825e-11,2.67522406828347e-09
1.069053941030303e-11,1.083752103753335e-09
1.074930372999683e-11,-3.897572646482263e-10
1.080147297952983e-11,-1.639942601226601e-09
1.085280542397867e-11,-2.662477113739786e-09
1.090452886378189e-11,-3.363505138188085e-09
1.096017874010915e-11,-3.661116814293305e-09
1.102598659682578e-11,-3.376114050186103e-09
1.109212445605924e-11,-2.480646694095829e-09
1.116924212281832e-11,-9.376271828073472e-10
1.123007434629322e-11,4.275308891034863e-10
1.128460511512364e-11,1.574789919774073e-09
1.133797789700792e-11,2.475588150926839e-09
1.139204064753313e-11,3.048609823288711e-09
1.145112084313371e-11,3.207146125275612e-09
1.152383537252694e-11,2.73700468737891e-09
1.157967688403045e-11,1.949634320049822e-09
1.165305386192881e-11,5.771109844745618e-10
1.171503931985585e-11,-6.701907911761976e-10
1.177072894220226e-11,-1.686789688400426e-09
1.182623877701329e-11,-2.458775711744537e-09
1.188335330058691e-11,-2.894875172181428e-09
1.194711871272581e-11,-2.8915317664018e-09
1.203171008361802e-11,-2.158478754974169e-09
1.209760765497124e-11,-1.156566501273797e-09
1.216566525845685e-11,5.646058230097586e-11
1.222693543037665e-11,1.111048358450828e-09
1.228437197365575e-11,1.913708375828754e-09
1.234287742557651e-11,2.425938288435483e-09
1.240613815547778e-11,2.555048844969562e-09
1.248378626788413e-11,2.117890971280082e-09
1.254364510575063e-11,1.407849324961596e-09
1.262123584892163e-11,2.250364028319569e-10
1.268738691860423e-11,-8.135436816944008e-10
1.274749754136169e-11,-1.617005342299623e-09
1.280819430179202e-11,-2.161177310108626e-09
1.287222228894294e-11,-2.356047807993854e-09
1.294799601833596e-11,-2.066124912226714e-09
1.301593687888209e-11,-1.400974136677272e-09
1.310138296155985e-11,-2.655485345822118e-10
1.31709803414608e-11,6.925695021941491e-10
1.32341595914332e-11,1.419641726109297e-09
1.329780645725235e-11,1.88469451293355e-09
1.336525542510719e-11,2.003009154033511e-09
1.344718533560607e-11,1.631229958089138e-09
1.351322801329232e-11,9.980786288129965e-10
1.359693603734498e-11,-1.117884450259444e-11
1.36682771458405e-11,-8.558482102753629e-10
1.373391314758432e-11,-1.46424742490514e-09
1.380116704505186e-11,-1.802374259662844e-09
1.387454763415711e-11,-1.779535848953873e-09
1.397156841291129e-11,-1.195153253525831e-09
1.404898260826133e-11,-4.287715260786673e-10
1.412723903622679e-11,4.084958472205663e-10
1.419894451717762e-11,1.056175535599014e-09
1.426830377598667e-11,1.444285381663119e-09
1.434247915888728e-11,1.519024801946073e-09
1.443305428668583e-11,1.148106648451587e-09
1.450456748732933e-11,5.824798961728135e-10
1.459276245202469e-11,-2.364968078026418e-10
1.466989167818379e-11,-8.791228633082489e-10
1.47424778499741e-11,-1.28165957145502e-09
1.481910088132656e-11,-1.401260309422883e-09
1.490898075103093e-11,-1.133478377265378e-09
1.498821305593195e-11,-6.155429817279703e-10
1.508484910883315e-11,1.490522099440714e-10
1.516662418641579e-11,7.223895900371152e-10
1.524365507759333e-11,1.061228248325221e-09
1.532530618380721e-11,1.121514194600573e-09
1.54235257412445e-11,8.007400899646884e-10
1.550303769864745e-11,3.164746535923738e-10
1.55993618131868e-11,-3.349154162182777e-10
1.56844721077686e-11,-7.986217305945214e-10
1.576649508250989e-11,-1.024482708507816e-09
1.585658198762919e-11,-9.633371296079165e-10
1.597840391527538e-11,-4.757137814201773e-10
1.610272302232589e-11,1.888730186591834e-10
1.619639476140783e-11,5.975006372200352e-10
1.628643439520713e-11,7.786135703041967e-10
1.638348462155228e-11,6.866312952433289e-10
1.651881350333521e-11,2.052197115195828e-10
1.664469905233701e-11,-3.265976177759088e-10
1.674426370681518e-11,-6.212988175799944e-10
1.684339001026275e-11,-6.918465174034031e-10
1.695602797691088e-11,-4.931190103152595e-10
1.706133928999138e-11,-1.379068012521888e-10
1.7181739029391e-11,2.651720940347135e-10
1.728790140537731e-11,4.712448728617836e-10
1.739636453174439e-11,4.595197383054687e-10
1.753337977585961e-11,1.817581534358373e-10
1.765554601105016e-11,-1.55140981969014e-10
1.777523979163472e-11,-3.972398719575532e-10
1.789210106233313e-11,-4.472512748592074e-10
1.802618260132488e-11,-2.801317374397018e-10
1.815298329084364e-11,-1.317268511439928e-11
1.829184138084073e-11,2.214262110364879e-10
1.842073635237531e-11,2.769326461007853e-10
1.856567881497778e-11,1.453950201847793e-10
1.87123107552487e-11,-7.953919909366916e-11
1.886846878073982e-11,-2.484535822763202e-10
1.901520576397853e-11,-2.52807462216857e-10
1.919227741277553e-11,-1.003551528189762e-10
1.937110161833463e-11,6.862246134308726e-11
1.954189125583563e-11,1.203745356750728e-10
1.97258076645944e-11,4.100634823622993e-11
1.993965847096055e-11,-9.308067049395503e-11
2.015194764862842e-11,-1.385975251548981e-10
2.037035472147564e-11,-7.975353497165401e-11
2.065117998754381e-11,8.019464606560052e-12
2.091856777836198e-11,1.079191147453218e-11
2.122746752266082e-11,-4.21458480702728e-11
2.168276599712256e-11,-6.426610146148532e-11
2.20837527824162e-11,-3.912583625155754e-11
2.288572635300348e-11,-2.883814336403188e-11
2.357085446440149e-11,-3.892116059970281e-11
2.47956453173579e-11,-3.900916443700257e-11
2.628782738609377e-11,-3.731846554946188e-11
2.862639230791848e-11,-3.781948493065862e-11
3.33035221515679e-11,-3.782468483650606e-11
4.235454474291003e-11,-3.778646777755119e-11
6.04565899255943e-11,-3.777389886927537e-11
9.666068029096285e-11,-3.774058644498745e-11
1.690688610216999e-10,-3.767441724088486e-11
3.138852224831741e-10,-3.754272210104699e-11
6.035179454061225e-10,-3.728177544045484e-11
1.182783391252019e-09,-3.67694506566199e-11
2.341314282943813e-09,-3.578143303962545e-11
4.658376066327401e-09,-3.39399845760175e-11
9.292499633094575e-09,-3.071563061307973e-11
1.646764314341265e-08,-2.665925707794296e-11
2.533961215323253e-08,-2.277214852683354e-11
3.533961215323253e-08,-1.941968825122879e-11
4.533961215323252e-08,-1.681896854853331e-11
5.533961215323252e-08,-1.474822683702619e-11
6.533961215323252e-08,-1.306339871967586e-11
7.533961215323252e-08,-1.166777005947741e-11
8.533961215323251e-08,-1.049438284841764e-11
9.533961215323251e-08,-9.495467996951068e-12
1.053396121532325e-07,-8.636038485963216e-12
1.153396121532325e-07,-7.889878318633733e-12
1.253396121532325e-07,-7.236951592404684e-12
1.353396121532325e-07,-6.661679545860403e-12
1.453396121532325e-07,-6.151764492939009e-12
1.553396121532325e-07,-5.697368095075457e-12
1.653396121532325e-07,-5.290525196433926e-12
1.753396121532326e-07,-4.924717899480093e-12
1.853396121532326e-07,-4.594560931819526e-12
1.953396121532326e-07,-4.295565760746726e-12
2.053396121532326e-07,-4.023961366719127e-12
2.153396121532326e-07,-3.776583667196511e-12
2.253396121532326e-07,-3.550727785133246e-12
2.353396121532326e-07,-3.344051712764913e-12
2.453396121532326e-07,-3.154536938546326e-12
2.553396121532326e-07,-2.98043456219192e-12
2.653396121532326e-07,-2.820221748279998e-12
2.753396121532327e-07,-2.672566323391712e-12
2.853396121532327e-07,-2.536297872962642e-12
2.953396121532327e-07,-2.410383904316148e-12
3.053396121532327e-07,-2.293910124129129e-12
3.153396121532327e-07,-2.186064010319274e-12
3.253396121532327e-07,-2.086121037671149e-12
3.353396121532327e-07,-1.993433101412894e-12
3.453396121532327e-07,-1.907418705980294e-12
3.553396121532327e-07,-1.827554642224404e-12
3.653396121532327e-07,-1.753368877104613e-12
3.753396121532328e-07,-1.684434462769276e-12
3.853396121532328e-07,-1.620364295025935e-12
3.953396121532328e-07,-1.56080659145244e-12
4.053396121532328e-07,-1.505440968719247e-12
4.153396121532328e-07,-1.453975038193082e-12
4.253396121532328e-07,-1.406141425902735e-12
4.353396121532328e-07,-1.361695177196232e-12
4.453396121532328e-07,-1.320411476243494e-12
4.553396121532328e-07,-1.282083628648491e-12
4.653396121532328e-07,-1.246521301980313e-12
4.753396121532329e-07,-1.213548947831283e-12
4.853396121532329e-07,-1.183004420797284e-12
4.953396121532329e-07,-1.154737732909601e-12
5.053396121532329e-07,-1.128609964404115e-12
5.153396121532329e-07,-1.104492270391508e-12
5.253396121532329e-07,-1.082265007061494e-12
5.353396121532329e-07,-1.061816943309772e-12
5.453396121532329e-07,-1.043044544936358e-12
5.553396121532329e-07,-1.025851346275021e-12
5.653396121532329e-07,-1.010147370074768e-12
5.75339612153233e-07,-9.958486035150047e-13
5.85339612153233e-07,-9.828765358495965e-13
5.95339612153233e-07,-9.711577233395589e-13
6.05339612153233e-07,-9.60623408382471e-13
6.15339612153233e-07,-9.512091626618643e-13
6.25339612153233e-07,-9.428545675055122e-13
6.35339612153233e-07,-9.355029214120894e-13
6.45339612153233e-07,-9.29100970530075e-13
6.55339612153233e-07,-9.235986657191844e-13
6.65339612153233e-07,-9.189489363011225e-13
6.753396121532331e-07,-9.151074847971699e-13
6.853396121532331e-07,-9.120325992895621e-13
6.953396121532331e-07,-9.096849763883013e-13
7.053396121532331e-07,-9.080275640650095e-13
7.153396121532331e-07,-9.070254113218878e-13
7.253396121532331e-07,-9.066455338380369e-13
7.353396121532331e-07,-9.068567855906929e-13
7.453396121532331e-07,-9.076297462396903e-13
7.553396121532331e-07,-9.089366113932303e-13
7.653396121532331e-07,-9.107510908294385e-13
7.753396121532332e-07,-9.130483178332291e-13
7.853396121532332e-07,-9.158047638562593e-13
7.953396121532332e-07,-9.189981594181074e-13
8.053396121532332e-07,-9.226074171516493e-13
8.153396121532332e-07,-9.266125684030946e-13
8.253396121532332e-07,-9.309946955847677e-13
8.353396121532332e-07,-9.35735876361504e-13
8.453396121532332e-07,-9.408191292310716e-13
8.553396121532332e-07,-9.462283654287097e-13
8.653396121532333e-07,-9.519483410081599e-13
8.753396121532333e-07,-9.579646225690272e-13
8.853396121532333e-07,-9.6426354393031e-13
8.953396121532333e-07,-9.708321810467507e-13
9.053396121532333e-07,-9.776583225033047e-13
9.153396121532333e-07,-9.84730448964688e-13
9.253396121532333e-07,-9.920377148791308e-13
9.353396121532333e-07,-9.995699428730558e-13
9.453396121532333e-07,-1.007317615327208e-12
9.553396121532332e-07,-1.015271876525402e-12
9.653396121532331e-07,-1.023424546556382e-12
9.75339612153233e-07,-1.031768137611431e-12
9.853396121532329e-07,-1.040295879371547e-12
9.926698060766165e-07,-1.046660131935762e-12
1e-06,-1.053118130797685e-12
